"['possum', 'snake']",JakesSnakebites,"Reptisland, Planet Earth","Percy the Python thought he had won his next meal, until this brave #possum found itself standing up to a #snake 
W‚Ä¶ https://t.co/ybiXpAgmRu"
"['tensors', 'TensorFlow']",Tsundu_Mak,South Africa,"RT @SleekDeals: üî• Learn about Basics of Machine Learning and How it could be implemented on Google Cloud!

Enrol Now!

#tensors #TensorFlow‚Ä¶"
[],_P9,,"@python NowTime: 2018/05/11 17:40:30.1784
TweetCount: 1779"
[],097s,,"@python NowTime: 2018/05/11 17:41:17.9236
TweetCount: 1779"
[],alexellisuk,"England, United Kingdom",This is from the OpenFaaS workshop - check it out to learn Serverless with Python - https://t.co/DcCsguFYNf https://t.co/zIynSgI9UJ
"['JavaScript', 'JavaScript']",AaronCuddeback,"Sacramento, CA","RT @JobsCoding: Full Stack developer - .net. Highly skilled at front-end engineering using Object-Oriented #JavaScript, various #JavaScript‚Ä¶"
[],codetoday_,London,"Growing Trees, in Python. Still work in progress but this is one of‚Ä¶ https://t.co/iBQktlkjC1"
[],AnthonyBriggs,"Melbourne, Australia","@candeira @Asher_Wolf Mine was the first Python lesson teaching a 12yo kid from our homeschooling group. ""Would you‚Ä¶ https://t.co/4zG2xknXRE"
[],iamsorga,,RT @PeteTeo: Permit me to RT myself. https://t.co/HDlfqP1V6Q
[],forsyth_txt,( 1hr bot || manual replies ),...I try to avoid cursing but fuck you Python
[],JobsCoding,,"Junior DevOps Engineer. Experience with one or more programming or scripting languages such as bash, PowerShell, C#‚Ä¶ https://t.co/Llhgyxfw68"
[],pythonbot_,,"Python: 2 In 1: Tips And Tricks + Best Practices (python, Javascript, Java, Code, Programming Language, Programming‚Ä¶ https://t.co/9sXq5b0Xt1"
"['python', 'programming']",pythonbot_,,Python For Beginners: 2018 Edition: Learn To Code With Python!  https://t.co/q3p6WBtllG #python #programming @pythonbot_
[],Miss_Changez,Somewhere in South Africaüí°,"RT @python_michael: One of South Africa's best street magicians
I AM MICHAEL PYTHON
please retweet
@ThabsMagician @djsbu @TrendingSAon3 @Yo‚Ä¶"
"['Python', 'DataScience']",ecommerce_gl,Global,RT @R_Programming: Py Tip: Use this hack to install a package in the correct python installation in Jupyter. #Python #DataScience https://t‚Ä¶
"['tensors', 'TensorFlow']",matthiasoso,Lisbon,"RT @SleekDeals: üî• Learn about Basics of Machine Learning and How it could be implemented on Google Cloud!

Enrol Now!

#tensors #TensorFlow‚Ä¶"
[],JoshLachkovic,Herne Hill,@stedavies Ah you know what - just found a python script that im going to give a go
[],HorwitzTrevor,,"@DVATW Christ, you couldn't make this up.  Contemporary life is just becoming one long Monty Python parody."
[],LIEF_project,"Paris, France","LIEF now enables to serialize any objects (Header, Symbol, Binary, ...) into JSON. This could be used as an interfa‚Ä¶ https://t.co/L2wOtNpH1w"
['OTD'],barrybazzabazF1,Hatfield Herts (UK),"RT @BBCArchive: #OTD 1969: Monty Python formed, according to some people on the internet. You may now quote some Monty Python, if you wish.‚Ä¶"
[],95Pulkom,"Sebokeng, South Africa","RT @python_michael: One of South Africa's best street magicians
I AM MICHAEL PYTHON
please retweet
@ThabsMagician @djsbu @TrendingSAon3 @Yo‚Ä¶"
[],iamBaj1,"Guntur, Andhra Pradesh, India",What are some interesting things to do with Python? I want to make something related to big data or machine learnin‚Ä¶ https://t.co/kScc5bSz9a
[],kamlovskaya,Luxembourg,"RT @NLTK_org: NLTK 3.3 is out! Supports Python 3.6, new CoreNLP interface, and many minor fixes and updates. Special thanks to @alvations h‚Ä¶"
[],sebastien_ferry,"China, Shanghai",RT @x0rz: The ssh-decorator package from Python pip had an obvious backdoor (sending ip+login+password to ssh-decorate[.]cf in cleartext HT‚Ä¶
[],ThomasCerq,"Nantes, France",RT @b0uh: ‚ÄúThe other (great) benefit of Python type annotations‚Äù by Stav Shamir https://t.co/tr22yUNDKN
"['python', 'scaling']",OrnessTech,"Paris, France","RT @OrnessTech: Le lien vers le livre "" The Hacker's Guide to Scaling Python"" By Julien Danjou 
 https://t.co/V7Tqa2aHjq
#python #scaling #‚Ä¶"
['OTD'],Claire1879,"Preston, Lancashire, England","RT @BBCArchive: #OTD 1969: Monty Python formed, according to some people on the internet. You may now quote some Monty Python, if you wish.‚Ä¶"
[],097s,,"@python NowTime: 2018/05/11 17:44:50.5988
TweetCount: 1785"
"['tensors', 'TensorFlow']",cottila,"Tallinn, Estonia","RT @SleekDeals: üî• Learn about Basics of Machine Learning and How it could be implemented on Google Cloud!

Enrol Now!

#tensors #TensorFlow‚Ä¶"
"['nodejs', 'javascript']",victotara,,"RT @SearchableSara: Short, but productive week! I will certainly befinishing the week with a   @BarloungeCH1 G&amp;T! 

#nodejs #javascript #re‚Ä¶"
[],BeeChiwa,"Harare, Zimbabwe",RT @cachedout: Hi friends. I am in search of five donated laptops to bring to the next @zimbopy mentorship week in August so that we can te‚Ä¶
[],allTheTyping,My desk,"I see the value of Python. However, I don't use it because of its chimpanzee typing."
[],fashionblogzz,,Pierre Cardin LOUANE Women's Real Leather Classic Slip on Pumps Python Grey https://t.co/yr2GtC4b20 https://t.co/ew2OPBx0IR
"['programming', 'infographic', 'java', 'javascript', 'ruby', 'rubyonrails']",simplivllc,United States,RT @Harry_Robots: 9 excellent tips for secure #programming [#infographic] via @AnsonMcCade#python #java #javascript #ruby #rubyonrails #pro‚Ä¶
['pycon2018'],CoLoN1111,,RT @teoliphant: At #pycon2018 I'm interested in talking with anyone interested in 1) the incredible explosion of machine-learning framework‚Ä¶
['azure'],SOAzure,,How to keep a folder synchronised with an Azure storage account in Python? #azure https://t.co/jb1LwxyYw4
['PyCon2018'],davilima6,"Berlim, Alemanha","RT @brianokken: In honor of #PyCon2018, get 25% off the eBook of ‚ÄúPython Testing with pytest‚Äù

Use discount code PyCon_May_2018

Code only‚Ä¶"
['pycon2018'],SantchiWeb,Wirral,RT @teoliphant: At #pycon2018 I'm interested in talking with anyone interested in 1) the incredible explosion of machine-learning framework‚Ä¶
"['nodejs', 'javascript']",emberjstweet,World Wide,"RT @SearchableSara: Short, but productive week! I will certainly befinishing the week with a   @BarloungeCH1 G&amp;T! 

#nodejs #javascript #re‚Ä¶"
"['nodejs', 'javascript']",_reactdev,Everywhere,"RT @SearchableSara: Short, but productive week! I will certainly befinishing the week with a   @BarloungeCH1 G&amp;T! 

#nodejs #javascript #re‚Ä¶"
"['nodejs', 'javascript']",_reactdev,Everywhere,"RT @SearchableSara: Short, but productive week! I will certainly befinishing the week with a   @BarloungeCH1 G&amp;T! 

#nodejs #javascript #re‚Ä¶"
"['BigData', 'DataScience', 'DataLakes', 'BI', 'Tableau']",GeomaticsFeed,Internet,RT @gp_pulipaka: Analyzing Azure Data Lake Store with Tableau and More: A Hands-On Guide. #BigData #DataScience #DataLakes #BI #Tableau #Az‚Ä¶
"['BigData', 'DataScience', 'DataLakes', 'BI', 'Tableau']",GeosystemsFeed,Internet,RT @gp_pulipaka: Analyzing Azure Data Lake Store with Tableau and More: A Hands-On Guide. #BigData #DataScience #DataLakes #BI #Tableau #Az‚Ä¶
"['BigData', 'MachineLearning', 'DataScience', 'AI', 'DataMining']",GeosystemsFeed,Internet,RT @GaspardDOUTE: A Framework to Protect Digital Identity and Data Harvesting. #BigData #MachineLearning #DataScience #AI #DataMining #GeoS‚Ä¶
"['UX', 'UI', 'nodejs', 'clojure', 'perl', 'reactjs', 'angularjs', 'jquery', 'html5', 'css3', 'ruby', 'python']",WP_Prem,Everywhere,"RT @xilinx9959: https://t.co/2d5ZLCR2Iv is For Sale

#UX #UI #nodejs #clojure #perl #reactjs #angularjs #jquery #html5 #css3 #ruby #python‚Ä¶"
['papithugz'],QuintonVellin,,RT @videoboyblog: Only Python dick so huge he takes turn tearing that azz up @blackgayvideo üçÜ #papithugz  https://t.co/nqhgdjeodl https://t‚Ä¶
['FridayPromo'],fridaypromo1,"Los Angeles, CA","RT @by_GiorgioGucci: #FridayPromo: Kate, in the two variants Croco and Python, is on special offer until Monday 14/05!

Shop now at 50 % OF‚Ä¶"
[],datasciens,"Melbourne, Victoria","Thursday News: AI, Deep Learning, NLP, Regression, Detecting Fake Social Accounts, Python https://t.co/TrkQWOSdjW"
[],097s,,"@python NowTime: 2018/05/11 17:48:22.6935
TweetCount: 1791"
['MontyPython'],carsandgirls60,"London, England","Their not the messiahs they are very naughty boys !!! 
#MontyPython. https://t.co/FsikklxXBt"
"['Python', 'BigData', 'NewYork', 'techjobs', 'devjobs']",FindNerdJobs,"Florida, USA","‚òÄ Hiring: #Python developer/Data Engineer
Location :  New York, us, New #BigData #NewYork #techjobs #devjobs
‚òë Appl‚Ä¶ https://t.co/p9sA8y9bNS"
[],lisamboca,"California, USA","I haven't touched Python in forever, but I need to begin coding so I couldn't think of a better project to undertak‚Ä¶ https://t.co/ndNXJnZAWt"
[],feeblefruits,Cape Town,Extracting street information from OpenStreetMap with Python ‚Äì Datablog https://t.co/iy7yaRYHz8
[],mpetyx,Athens,RT @alolita: Are you at @pyconüêç today? Join in today at 330pm Rm 25C to learn from Python expert @jsaryer in his workshop on Building Serve‚Ä¶
[],CryptCurrNewsEn,Paris,95% Off Learn Python by Building a Blockchain &amp; Cryptocurrency Coupon https://t.co/X5BXoUzrqD
[],hillwestprimary,,Jambon the Python üêç brought smiles to the aces of Badgers yesterday! https://t.co/6hAnZyItsF
['NewBlogPost'],manojmone,"√úT: 18.4747,73.809302",Coding Fridays! Programming Python - Lesson #6 - Preparing to Analyze Data using Python #NewBlogPost‚Ä¶ https://t.co/xq1Mjnvt6E
"['100DaysOfCode', 'Python', 'Day2']",python_le,Global,RT @bluecorsair27: #100DaysOfCode #Python #Day2 There has to be an easier way to compare dates and times...
"['BigData', 'MachineLearning', 'DataScience', 'AI', 'DataMining']",SmartCitiesFeed,Internet,RT @GaspardDOUTE: A Framework to Protect Digital Identity and Data Harvesting. #BigData #MachineLearning #DataScience #AI #DataMining #GeoS‚Ä¶
"['BigData', 'DataScience', 'DataLakes', 'BI', 'Tableau']",SmartCitiesFeed,Internet,RT @gp_pulipaka: Analyzing Azure Data Lake Store with Tableau and More: A Hands-On Guide. #BigData #DataScience #DataLakes #BI #Tableau #Az‚Ä¶
[],achimdomma,Saarbr√ºcken,RT @biglesp: 5 years ago I learnt Python because @ben_nuttall recommended me for a CPD gig helping teachers to learn @Raspberry_Pi &amp; #Pytho‚Ä¶
[],dino_mahoney,UK/ Greece/ Hong Kong,@MirrorPolitics Monty Python was one of the great comedies of our times - Cleese should be a national treasure. He‚Ä¶ https://t.co/1YXfUARH04
[],GreoryLuckie,"Australia, NSW Central Coast.",Python causes traffic chaos https://t.co/tyCvhG21A6
"RT @KarinaIslam2: Though I've fever but after joining this opening reception of #PyCon2018 my energy levels go too high to control.
Because‚Ä¶",['PyCon2018'],subhamrimo,"Raniganj, India"
"Hands-On Machine Learning: Learn TensorFlow, Python, &amp; Java!

‚òû https://t.co/9xGtVkYyP7

#DeepLearning #TensorFlow https://t.co/W1YVT6YjJA","['DeepLearning', 'TensorFlow']",AiGame_dev,United States
